user_id,name,email,signup_date
0,Becky Hendricks,davisamanda@yahoo.com,2022-01-20 19:36:20
1,Kayla Cooper,williamsaunders@example.com,2021-06-13 11:52:10
2,Ashley Lopez,jessepeck@example.net,2023-07-03 17:14:45
3,Jason Kim,christopher04@gmail.com,2021-03-09 13:10:54
4,Paul White,johnsoncalvin@yahoo.com,2022-10-31 13:31:51
5,Justin Myers,brenda13@example.net,2023-11-09 10:17:22
6,Ryan Holland,bauerpaula@gmail.com,2024-08-12 12:14:21
7,Michael Collins,wvang@example.com,2020-09-03 23:49:45
8,Hailey Buck,sean32@yahoo.com,2020-03-18 14:05:25
9,Kelly Ramos,james25@gmail.com,2021-07-14 12:58:13
10,Jill Hunt,krauseannette@example.net,2023-12-01 06:09:43
11,Daniel Carlson,hannagerald@example.com,2020-06-20 04:10:40
12,Brittany Carter,joshuasparks@yahoo.com,2020-11-09 10:54:59
13,Marcus Martinez,jose36@example.com,2023-11-19 06:37:24
14,Tony Simpson,sandersen@example.net,2021-04-22 03:44:27
15,Rebecca Dunn,jennamiller@gmail.com,2023-02-25 01:18:12
16,Darren Hoffman,kevinmorrow@yahoo.com,2023-06-16 19:37:45
17,Alicia Le,alexander18@example.org,2023-02-09 05:50:16
18,David Flores,kperez@gmail.com,2020-04-29 07:25:50
19,Maria Khan,jonesmark@example.com,2022-11-16 00:15:46
20,Jordan Price,denise67@yahoo.com,2020-10-25 16:00:53
21,Hannah Lucero,hansonadam@gmail.com,2023-11-29 15:07:44
22,Lisa Stephens,kramsey@example.net,2023-12-24 17:29:11
23,Candace Campbell,hectorwright@example.com,2020-07-29 11:18:28
24,John Herrera,caitlin15@yahoo.com,2022-08-12 09:44:45
25,Hannah Roman,newtondrew@example.com,2024-07-18 20:28:08
26,Deborah Hall,anne27@example.com,2023-05-11 09:13:57
27,Tamara Brown,sarahmalone@gmail.com,2021-09-23 11:01:58
28,Janice Watts,thomas25@yahoo.com,2021-09-22 21:47:10
29,Paul Knight,scottsmith@example.org,2022-11-12 07:36:57
30,Chris Reed,virginialindsey@gmail.com,2022-07-15 04:27:16
31,Renee Williams,kevincarroll@example.net,2021-01-03 04:12:31
32,Matthew Fowler,craig47@yahoo.com,2022-02-08 18:01:10
33,Alicia Kim,mary12@gmail.com,2022-05-08 01:02:33
34,Sue Ramirez,sawyerrichard@example.net,2024-06-07 09:36:00
35,Bonnie Sims,guzmandanielle@example.org,2023-06-10 20:49:26
36,Brian Taylor,chadmartinez@yahoo.com,2022-02-01 01:07:14
37,Charles Hernandez,pobrien@example.com,2024-01-12 17:13:51
38,Heather Carney,marie69@example.net,2023-05-03 01:44:30
39,Jessica Wilkins,paulafisher@gmail.com,2022-08-26 10:35:54
40,Jeremy Everett,rebeccasummers@yahoo.com,2023-12-02 06:58:08
41,Steven Cochran,thomasbetty@example.com,2022-02-23 16:46:35
42,Todd Gray,dhooper@gmail.com,2022-09-05 16:48:44
43,Sharon Barron,bthompson@example.org,2022-01-09 06:11:36
44,Melissa Gray,sarah99@yahoo.com,2022-08-02 23:08:33
45,Jennifer Garcia,jayhamilton@gmail.com,2022-09-03 12:03:03
46,Monica Walsh,matthew83@example.org,2024-02-03 21:36:36
47,Susan Mcmahon,colekevin@example.org,2022-04-01 04:49:02
48,Christopher Romero,holmesjacob@yahoo.com,2020-01-11 01:54:13
49,Caitlin Brown,markeaton@example.net,2024-09-27 19:09:17
50,Crystal Hernandez,dmorales@example.net,2020-07-17 21:23:08
51,Kara White,grahampatrick@gmail.com,2022-11-10 14:36:40
52,Brandi Jones,ruizdaniel@yahoo.com,2021-09-04 02:25:00
53,Adam Collins,gwilcox@example.com,2021-12-06 07:41:29
54,Andrea Reyes,theresalivingston@gmail.com,2020-07-16 17:11:44
55,Tiffany Mason,brittneyolson@example.com,2021-01-01 03:17:29
56,Jessica Gross,pbullock@yahoo.com,2024-01-01 00:44:06
57,Tabitha Mason,hernandezmaria@gmail.com,2023-08-12 22:25:03
58,Meghan Turner,kdavis@example.net,2024-04-15 04:54:45
59,Kimberly Gonzales,harrisvictor@example.net,2021-08-01 13:53:11
60,Gary Adams,ramirezkristi@yahoo.com,2023-02-08 03:43:25
61,Kelly Smith,dhess@example.net,2020-07-25 12:47:38
62,Anthony Cabrera,smithkeith@example.com,2022-10-13 05:10:13
63,Lori Leach,cmiller@gmail.com,2020-03-17 11:18:14
64,Linda Turner PhD,tbaker@yahoo.com,2024-06-12 10:06:40
65,Melissa Morrow,maytiffany@example.com,2020-12-19 02:18:27
66,Jennifer Cruz,marymalone@gmail.com,2022-01-31 11:07:17
67,Jesse Mcclain,robert76@example.net,2020-02-26 01:55:18
68,James Oconnor,vwilson@yahoo.com,2022-03-05 07:03:33
69,Steven Hill,dmeyers@gmail.com,2020-12-05 06:04:53
70,Jessica Mullen,isaiah14@example.com,2022-08-14 17:16:40
71,James Johnson,mdixon@example.net,2022-07-09 17:36:25
72,April Alexander,sandovalkristen@yahoo.com,2024-01-28 04:48:33
73,Steven Wright,brettperez@example.com,2020-07-06 04:25:01
74,Michael Hicks,agoodwin@example.org,2020-02-16 08:12:15
75,Courtney Roth,martinezdeborah@gmail.com,2023-03-11 21:17:06
76,Taylor Johnson,russellherman@yahoo.com,2023-09-25 23:06:12
77,Kara Rios,rkirby@example.org,2020-01-28 14:59:15
78,Kim Singleton,michael16@gmail.com,2023-10-06 17:47:54
79,Sean Anderson,geraldthomas@example.net,2022-02-06 18:25:20
80,Emily Stewart,hailey09@yahoo.com,2022-06-29 14:09:27
81,Michael Summers,xsharp@gmail.com,2022-06-11 10:57:40
82,Jon Faulkner,angela37@example.org,2024-10-12 19:03:20
83,Elizabeth Gallagher,christian78@example.com,2021-02-21 12:12:07
84,Austin Lopez,kgray@yahoo.com,2024-07-05 18:32:10
85,Sierra Calhoun,wshaw@example.org,2024-03-10 13:05:27
86,Kelly Lynch MD,wilsonhector@example.net,2020-04-18 05:05:56
87,Lauren Roberts,kramos@gmail.com,2022-10-22 23:09:58
88,Ashley Savage,linicole@yahoo.com,2021-10-19 20:33:17
89,Lynn Ford,debra70@example.net,2020-04-28 05:48:53
90,Jeffrey Tapia,emilyrice@gmail.com,2024-07-27 09:22:28
91,Tonya Moore,lsmith@example.com,2022-02-17 20:42:03
92,Holly Lee,ericrobinson@yahoo.com,2023-06-02 15:40:14
93,Monica Sloan,reynoldsadam@gmail.com,2024-08-23 20:44:07
94,Lisa Webb,brandonmays@example.net,2022-11-05 00:22:20
95,Brian Ross,vsolomon@example.com,2024-04-09 16:06:01
96,Thomas Ross,kthompson@yahoo.com,2021-10-06 11:11:42
97,Jon Nash,amandacook@example.org,2020-07-24 02:55:59
98,Nathaniel Perkins,erodriguez@example.com,2022-12-11 16:58:17
99,John Welch,mallen@gmail.com,2024-09-11 23:20:05
100,Stephen Rose,stephanie26@yahoo.com,2023-10-05 09:31:02
101,Frank Robinson,ashleyhaynes@example.com,2022-11-25 19:05:51
102,David Brown,thomasthompson@gmail.com,2024-07-09 05:57:44
103,Nathan Hanson,daniellebooth@example.com,2022-04-15 09:01:47
104,Chelsea Jones,alyssa97@yahoo.com,2022-11-11 04:50:23
105,Kara Malone,johnsonrobert@gmail.com,2024-02-13 11:01:39
106,Jessica Smith,andre78@example.org,2021-10-07 02:07:41
107,Angelica Hahn,gmartin@example.com,2021-07-23 07:13:51
108,Victor Brown,jcaldwell@yahoo.com,2021-02-05 15:44:22
109,Lydia Zamora,sara74@example.com,2022-09-05 23:25:05
110,John Romero,clarkkaitlyn@example.com,2023-04-16 07:18:06
111,Nancy Cobb,laurafarmer@gmail.com,2021-05-07 21:39:59
112,Katie Hernandez,tmccullough@yahoo.com,2021-11-26 21:12:19
113,William Martinez,kdowns@example.com,2022-03-23 17:02:50
114,Jennifer Dixon,amber39@gmail.com,2020-12-26 00:42:35
115,Lisa Case,fdavis@example.org,2022-08-03 18:57:08
116,Sara Stone,thompsonchristopher@yahoo.com,2022-01-14 03:28:23
117,Marvin Riddle,joshua45@gmail.com,2023-12-16 08:48:31
118,Ronald Meyers,joshua08@example.net,2021-12-16 04:02:22
119,Amanda Smith,kelsey17@example.org,2020-08-30 14:35:08
120,Dennis Baxter,katie25@yahoo.com,2021-03-14 01:53:47
121,Benjamin Powell,thomaswalker@example.com,2020-02-10 11:30:17
122,Paul Stewart,todd31@example.org,2022-06-10 20:08:45
123,Aaron Lopez,vsmith@gmail.com,2024-07-07 08:13:09
124,David Thomas,jmoore@yahoo.com,2021-12-25 07:04:55
125,Lisa Gibson,staceynicholson@example.net,2021-03-06 09:26:39
126,Ashley Brooks,qsanders@gmail.com,2023-08-29 16:09:30
127,Donna Thomas,anthony53@example.com,2024-06-24 09:13:59
128,John Santiago,chapmanjennifer@yahoo.com,2020-05-24 16:42:34
129,Julian Parsons,duartejacob@gmail.com,2023-12-23 09:16:08
130,Jessica Randolph,sarah40@example.com,2023-08-13 21:24:32
131,Joshua Murphy,eayala@example.org,2022-04-21 00:25:46
132,William Hawkins,melindaalvarado@yahoo.com,2021-02-11 00:49:37
133,Carly Roman,maryhancock@example.com,2024-08-26 19:39:22
134,Melissa Herring,christopher70@example.net,2024-07-07 19:02:18
135,Trevor Allen,lunamichelle@gmail.com,2020-01-20 15:58:45
136,Leonard Griffin,sophia31@yahoo.com,2024-03-17 10:16:19
137,Angel Evans,bsawyer@example.org,2020-11-19 02:21:40
138,Ethan Lucero,curtisjesse@gmail.com,2023-07-30 23:35:08
139,Doris Brown,ebryant@example.net,2024-02-22 10:19:36
140,Michael Lawrence,pcastillo@yahoo.com,2021-03-23 08:23:53
141,Dr. Christina Snyder,kgibbs@gmail.com,2020-03-10 03:48:34
142,Marvin May,ericpayne@example.org,2023-07-04 19:27:44
143,Sonia Ellis,chavezthomas@example.com,2020-02-26 13:59:03
144,Sandra Collins,lmcmahon@yahoo.com,2022-10-07 16:55:44
145,Frank Brown,craigjohnson@example.net,2020-07-11 08:52:53
146,Jesse Hurley,carlsonspencer@example.org,2022-12-28 17:04:37
147,Luke Benjamin,trevorodonnell@gmail.com,2021-12-06 13:20:07
148,James Singleton,michelle73@yahoo.com,2023-02-26 17:10:08
149,David Young,bobbyberry@example.org,2024-02-22 12:03:32
150,Robin Swanson,theresaherrera@gmail.com,2022-11-19 13:13:31
151,James Stafford,ywatkins@example.net,2023-06-12 23:45:01
152,Ashley Hahn,lponce@yahoo.com,2021-02-21 03:46:45
153,Michael Lee,cameronmichael@gmail.com,2022-08-14 02:55:48
154,Thomas Pierce,qmaldonado@example.net,2020-12-07 18:46:41
155,James Morales,katherinemorris@example.org,2023-07-24 23:18:21
156,Ryan Sullivan,collinsrebecca@yahoo.com,2024-01-08 19:47:48
157,Daniel Brown,abrown@example.org,2021-10-07 02:11:17
158,Barbara Miller,echambers@example.net,2024-08-01 08:53:58
159,Daniel Hunt,dannysilva@gmail.com,2024-10-29 10:54:21
160,Christopher Goodwin,zbooth@yahoo.com,2022-01-01 19:40:07
161,Anthony Hunter,juliaallen@example.org,2020-01-09 08:22:33
162,Ann Mosley,wallkelly@gmail.com,2023-11-23 01:55:51
163,James Bush,zacosta@example.net,2020-02-16 04:29:52
164,Jessica Howell,heather12@yahoo.com,2023-08-15 21:46:47
165,Antonio Hopkins,cookholly@gmail.com,2023-09-20 08:37:14
166,Jennifer House,tonyaalexander@example.net,2021-06-25 06:07:21
167,Douglas Shah,smithkevin@example.net,2023-12-18 13:29:09
168,Thomas Barnes,denisemclaughlin@yahoo.com,2024-03-23 21:41:57
169,Anna Bullock,ryansmith@example.net,2021-04-01 06:31:17
170,Tonya Fleming,malonewalter@example.org,2021-12-16 04:42:34
171,Ryan Solomon,laura64@gmail.com,2022-05-27 04:28:20
172,Rhonda Newton,znunez@yahoo.com,2023-05-07 08:34:08
173,Janice Estrada,erikrice@example.org,2021-08-24 08:30:12
174,Julia Thomas,zparker@gmail.com,2023-11-27 16:31:31
175,Cody Obrien PhD,thompsonmelanie@example.net,2020-07-06 14:13:45
176,Amanda Hooper,dana43@yahoo.com,2022-09-30 11:41:01
177,Logan Atkinson,jesusgentry@gmail.com,2024-08-10 11:18:15
178,Terry Rodriguez,garciajessica@example.com,2021-11-11 07:02:48
179,Mrs. Brittany Osborn DVM,mcgeejoseph@example.com,2024-01-09 22:42:58
180,John Byrd,taylorjason@yahoo.com,2022-09-01 12:38:58
181,Patrick Gill,orhodes@example.org,2024-08-24 11:11:04
182,Patricia Crawford,forbesmary@example.org,2020-07-03 15:58:42
183,Dustin Oconnell,catherinesutton@gmail.com,2023-11-04 03:26:12
184,Leslie Curtis,alisha18@yahoo.com,2021-10-10 18:32:04
185,Kim Rice,ugillespie@example.org,2021-06-30 19:05:22
186,Robert Zamora,lindanguyen@gmail.com,2022-04-15 16:48:20
187,Michelle Wilson,yrose@example.net,2024-07-17 20:54:22
188,Alyssa Clark,walkercolleen@yahoo.com,2020-04-14 05:30:40
189,Savannah Williams,angelacardenas@gmail.com,2022-07-12 17:33:31
190,James Park,heatherortiz@example.net,2021-12-22 13:27:39
191,David Alvarado,graydeborah@example.net,2022-03-12 03:54:16
192,Wendy Hartman,eric13@yahoo.com,2024-10-02 04:59:21
193,Suzanne Lamb,christine34@example.org,2022-05-25 15:05:04
194,Charles Fox,michaelobrien@example.com,2024-10-01 15:05:05
195,Susan West,colemanjeffery@gmail.com,2021-08-07 06:25:30
196,Krista Calhoun,kjones@yahoo.com,2022-06-02 16:20:32
197,Amber Hayes,john97@example.com,2023-07-30 11:57:56
198,Rachael Gray,nthomas@gmail.com,2024-10-26 18:44:13
199,Susan Powell,raymondrichardson@example.net,2021-06-05 14:09:45
200,Julie Miller,hunterterry@yahoo.com,2023-09-16 18:03:02
201,Michael Garcia,kayleeharvey@gmail.com,2023-09-02 03:26:49
202,Jenny Brennan,crystal44@example.org,2020-02-07 03:10:19
203,Jacob Kennedy,fieldsamy@example.com,2020-06-29 20:45:25
204,Donald Massey,gilbertrachel@yahoo.com,2024-03-14 19:18:05
205,Christopher Jones,brookeward@example.com,2024-08-19 04:29:41
206,Brandon Hunter,lori11@example.net,2024-07-04 16:12:54
207,Evan Calderon,browntrevor@gmail.com,2020-05-26 19:45:26
208,Isabel Woodward,robinsonryan@yahoo.com,2020-02-07 06:09:58
209,Kaylee Webb,rodriguezdavid@example.net,2022-05-02 12:50:15
210,Thomas Galloway,rosscalvin@gmail.com,2024-02-16 05:15:37
211,Amber Montes,hkim@example.org,2020-05-04 07:20:37
212,Dr. Matthew Davis,candicedonovan@yahoo.com,2022-09-20 23:19:40
213,Andre Crane,michaelevans@gmail.com,2022-11-21 12:46:40
214,Travis Franco,annettefreeman@example.com,2020-05-24 08:30:00
215,John Wright,denise74@example.net,2021-06-13 17:18:01
216,Dr. Lindsay Rice,ronaldharris@yahoo.com,2021-07-05 10:23:25
217,Patrick Morton,richard93@example.net,2022-06-11 12:56:58
218,Mary Jimenez,toddferguson@example.com,2024-01-31 08:47:42
219,Chad Larson,zleonard@gmail.com,2020-04-13 08:44:14
220,Alexandra Colon,christian20@yahoo.com,2020-04-24 09:10:56
221,James Suarez,summer37@example.org,2024-09-12 20:40:37
222,Timothy Thomas,leonnicholas@gmail.com,2021-08-19 08:54:34
223,Cheryl Stephens,warnernatalie@example.net,2022-07-20 12:14:35
224,Grant Thompson,tuckerthomas@yahoo.com,2020-06-11 06:34:49
225,Rodney Campbell,jdavis@gmail.com,2021-10-11 15:19:06
226,Emma Winters,aarontorres@example.net,2021-12-26 11:12:44
227,Matthew Cook,cnovak@example.org,2023-05-15 06:15:42
228,Jessica Beltran,seanvargas@yahoo.com,2023-02-18 16:56:34
229,Jacqueline Rivers,aviladennis@example.com,2023-12-14 23:18:37
230,Eric Garcia,normanmegan@example.net,2022-12-21 01:18:24
231,Sarah Wood,stephaniedrake@gmail.com,2022-02-02 01:16:35
232,Victor Davis,erin73@yahoo.com,2021-01-18 06:42:13
233,Barbara Gallegos,epeterson@example.org,2023-10-10 08:00:01
234,Derek Curtis,amandadavis@gmail.com,2022-11-13 23:06:25
235,Julie Hart,nicholas71@example.com,2023-12-25 11:23:55
236,Sandra Jackson,elizabeth07@yahoo.com,2023-11-15 13:37:53
237,Kenneth Eaton,edward92@gmail.com,2021-05-29 18:41:32
238,Andrew Sanchez,wrose@example.com,2021-04-19 21:39:11
239,Kayla Aguilar,hernandezrichard@example.org,2020-08-23 08:29:28
240,Ronald Guzman,shannonnguyen@yahoo.com,2020-05-23 18:39:50
241,Kristopher Keith,olsonmark@example.org,2022-09-03 12:15:35
242,Tony Bullock,williamsmichelle@example.com,2020-03-12 04:21:38
243,Brandi Wilkinson,allenevans@gmail.com,2023-03-12 20:13:44
244,Nicole Pollard,kjohnson@yahoo.com,2024-03-19 04:41:27
245,Michael Watson,williamsheidi@example.org,2024-06-05 22:23:01
246,David Brooks,nayala@gmail.com,2023-11-26 06:37:04
247,Teresa Larsen,robert19@example.com,2023-05-08 06:56:00
248,Ernest Keller,russorandy@yahoo.com,2022-09-04 21:34:51
249,Joseph Bruce,kevincarpenter@gmail.com,2023-01-22 07:17:38
250,Michael Howard,andrew37@example.org,2022-09-16 17:02:07
251,Lee Boyd,michaelbruce@example.com,2024-02-05 22:57:17
252,Kimberly Waters,karen35@yahoo.com,2020-04-22 12:21:53
253,Heather Johnson,charles88@example.net,2021-08-09 14:15:13
254,Angel Robinson,nathan43@example.com,2022-06-10 17:03:59
255,Anthony Salazar,lindaboyd@gmail.com,2020-12-21 23:31:31
256,Donna Jones,thomasshaun@yahoo.com,2022-12-22 15:24:55
257,Michael Hall,andrewcook@example.net,2023-04-16 22:28:11
258,Travis Gregory,anthonyjordan@gmail.com,2023-05-30 10:25:39
259,Paul Riley,aprildelacruz@example.net,2022-12-28 18:40:35
260,Patricia West,mooreallison@yahoo.com,2023-09-27 00:28:53
261,Gregory Castillo,msilva@gmail.com,2023-10-22 02:01:32
262,Ashley Jones,spencer47@example.org,2020-09-15 14:31:49
263,Billy Green,iwalsh@example.com,2021-06-22 13:26:56
264,Joseph Woods,eugenelawrence@yahoo.com,2020-02-04 03:07:56
265,Gina Gonzalez,dalegreen@example.net,2023-10-12 19:06:08
266,Patricia Escobar,aguilarrebecca@example.net,2022-02-15 06:51:32
267,Tyler Bailey,zholmes@gmail.com,2023-02-01 06:28:55
268,Amber Hensley,ycraig@yahoo.com,2024-04-02 18:00:20
269,Nicholas White,keithdillon@example.com,2024-04-25 08:07:55
270,Andrew Hooper,jarederickson@gmail.com,2022-01-03 16:04:18
271,Melinda Contreras,patelwhitney@example.org,2023-08-22 19:49:27
272,Joseph Perry,sarahhancock@yahoo.com,2024-10-22 06:55:00
273,Maria Kim,vrollins@gmail.com,2023-12-14 09:47:09
274,Tracy Jones,nhall@example.com,2021-10-22 03:05:15
275,Betty Sullivan,herreramichael@example.com,2021-11-10 08:11:51
276,Michael Hensley,urichardson@yahoo.com,2022-10-08 02:59:21
277,Thomas Bryant,georgebaldwin@example.net,2023-02-20 12:40:05
278,Meredith Curtis,caroline17@example.net,2023-03-11 15:17:17
279,Edward Reyes,wjones@gmail.com,2022-04-26 08:07:59
280,Julie Lowery,goldentina@yahoo.com,2024-01-16 03:25:45
281,Andrew Mccall,chambersbobby@example.com,2020-08-07 21:01:25
282,Mr. Dustin Gardner,wilkersonjohn@gmail.com,2021-01-19 06:45:07
283,Michael Parks,lisa22@example.com,2020-02-10 08:09:11
284,Alexis Hernandez,staylor@yahoo.com,2022-09-16 17:16:24
285,Alex Hall,benjamin06@gmail.com,2023-05-18 01:42:28
286,Cheyenne Kim,mathewross@example.com,2020-10-28 20:36:39
287,Jeffrey Hensley,cliffordhardin@example.net,2021-10-29 19:19:45
288,Mark Ramirez,andreamurray@yahoo.com,2024-05-02 18:50:23
289,David Morrow,aburton@example.com,2021-06-20 21:58:57
290,April Bradley,trevinoevan@example.net,2020-09-26 06:38:17
291,Shannon Lewis,mistyward@gmail.com,2021-01-27 16:34:53
292,Kathleen Mills,stevenmassey@yahoo.com,2021-12-16 15:47:07
293,Tyler Gregory,bwolfe@example.net,2024-02-22 13:11:19
294,James Marsh,shawnwilson@gmail.com,2023-03-22 15:01:38
295,Melissa Schultz,jaredgibbs@example.com,2024-08-10 09:48:29
296,Nicholas Mitchell,robinsonmichael@yahoo.com,2022-06-01 12:18:39
297,Kevin Castro,mgarrison@gmail.com,2022-07-20 12:29:54
298,Andrew Moore,stephenjohnson@example.com,2022-02-05 11:42:38
299,Kristen Joyce,udawson@example.com,2023-07-17 02:12:32
300,Gary Garcia,fosterteresa@yahoo.com,2020-02-23 04:18:41
301,Chase Butler,nvargas@example.com,2023-08-22 12:29:40
302,Paul Wood,josephnancy@example.com,2022-04-21 16:00:01
303,Gary Hodge,mparks@gmail.com,2020-03-24 10:04:59
304,Bruce Golden,fharmon@yahoo.com,2022-08-03 22:15:35
305,Kathleen Carr,william87@example.org,2020-03-03 03:28:38
306,Patricia Gomez,palmerkeith@gmail.com,2022-09-21 14:43:20
307,Troy Smith,tbrown@example.net,2022-03-18 06:13:24
308,Brandon Hayes,mallorymadden@yahoo.com,2023-01-17 12:37:24
309,Roberto Cooper,jonesjoshua@gmail.com,2024-02-05 07:54:49
310,Thomas Nolan,vanessa55@example.net,2021-10-12 20:29:11
311,Michael Little PhD,rachelfranklin@example.org,2023-10-20 12:42:13
312,Kevin Ward,kimberlyforbes@yahoo.com,2020-01-04 03:17:28
313,Ralph Kim,carrie13@example.org,2021-09-02 12:01:54
314,Sydney Mccall,owilliams@example.org,2024-04-26 22:43:26
315,Michael Watson,smithkristina@gmail.com,2023-09-26 11:14:06
316,Heather Walker,nancycoleman@yahoo.com,2023-12-29 18:32:28
317,Christina Haynes,martinezmonica@example.net,2020-04-30 18:11:44
318,Justin Clark,pthomas@gmail.com,2023-07-18 01:57:35
319,Sara Sheppard,michael82@example.com,2021-10-08 03:35:06
320,Mary Holland,loganmcdowell@yahoo.com,2020-03-09 20:46:21
321,Jennifer Beck,williamsstephanie@gmail.com,2020-02-04 09:46:45
322,Jennifer Walker,rcruz@example.com,2023-05-15 19:11:11
323,Robert Whitaker,emilyrodriguez@example.net,2023-08-12 01:24:42
324,Daniel Vaughn,megangonzalez@yahoo.com,2020-01-05 12:20:17
325,Mary Smith,collinsteresa@example.org,2022-10-03 20:20:53
326,Kendra Martinez,darrenchavez@example.net,2021-07-31 06:39:22
327,Sheri Holmes,timothy98@gmail.com,2024-02-05 20:00:53
328,Cathy Greer,david33@yahoo.com,2021-07-16 17:40:16
329,Maria Acosta,juliacallahan@example.org,2020-08-31 12:26:05
330,Michael Escobar,thomasmann@gmail.com,2022-06-18 19:13:14
331,Paul Graves,jeffrey46@example.org,2024-03-06 16:43:12
332,Zachary Daniels,lstewart@yahoo.com,2020-05-08 23:15:41
333,Michael Martinez MD,xduarte@gmail.com,2022-06-15 09:29:44
334,James Parsons,annjones@example.org,2024-06-08 23:55:06
335,Wesley Kelley,maureen33@example.net,2020-10-31 22:21:30
336,Tony Richardson,brianphillips@yahoo.com,2023-02-10 17:30:35
337,Melinda Robertson,robert46@example.net,2021-10-22 04:49:11
338,Chad Johnson,woodsdana@example.com,2020-12-12 20:43:29
339,Brenda West,anna21@gmail.com,2022-04-23 18:08:34
340,Stacy Barker,tiffanyjohnston@yahoo.com,2022-06-12 13:11:45
341,Timothy Adkins,greggray@example.org,2020-07-19 20:35:24
342,Kelly Baxter,robertholloway@gmail.com,2021-10-18 10:23:58
343,Corey Wolfe,adamallen@example.org,2023-04-25 07:36:56
344,Robert Gibson II,washingtonaaron@yahoo.com,2020-03-15 03:15:51
345,Jennifer Rogers,barrettcody@gmail.com,2021-03-31 19:33:51
346,Catherine Contreras,goodmankristine@example.com,2023-04-22 13:08:05
347,Eileen Garcia,nicholsjenna@example.net,2023-09-19 01:38:51
348,Samuel Hernandez,ryanbrown@yahoo.com,2021-02-06 12:43:00
349,Jessica Lane,hufflynn@example.net,2024-10-18 11:14:01
350,Scott Browning,sharonmurphy@example.org,2020-11-09 03:43:52
351,Craig Turner,nancy66@gmail.com,2022-08-14 11:33:56
352,Glenn White,gpineda@yahoo.com,2021-08-31 17:36:54
353,Jose Johnson,fdixon@example.com,2022-09-01 01:56:08
354,Todd Lindsey,lwright@gmail.com,2020-09-16 03:20:41
355,Jennifer Davis,cscott@example.org,2023-11-15 07:37:15
356,John Henderson,shawsusan@yahoo.com,2020-04-19 01:56:31
357,Rachel Knox,kristenhouston@gmail.com,2020-11-28 05:20:45
358,Roger Freeman,anne28@example.net,2023-05-04 22:04:24
359,Dennis Sanders,philip30@example.net,2021-10-16 05:52:29
360,Angela Taylor,cameronsimmons@yahoo.com,2023-07-22 10:39:57
361,David Adkins,kramerdavid@example.com,2021-10-20 14:42:34
362,Yesenia Miller,washingtonkristi@example.org,2022-08-06 03:47:01
363,Joshua Barton,cynthia49@gmail.com,2021-03-14 19:06:24
364,Anthony Reynolds,valentineian@yahoo.com,2021-08-15 13:24:59
365,Ronald Torres,carmen88@example.net,2024-01-25 14:55:18
366,Tiffany Jackson,garcialeslie@gmail.com,2024-09-07 02:06:41
367,Debra Solomon,lgonzales@example.org,2023-11-23 14:20:09
368,Lindsay Russell,sgarrett@yahoo.com,2021-07-13 10:33:10
369,Norman Lewis,andrew10@gmail.com,2021-09-11 08:05:45
370,Bonnie Johnson,andrew52@example.org,2024-05-08 23:03:36
371,Heidi Hernandez,gshaw@example.net,2023-08-28 20:53:06
372,Gary Henson,gmckee@yahoo.com,2024-07-21 04:42:30
373,Michael Morris,abrady@example.net,2020-11-01 06:13:01
374,Deborah Carter,gregoryanna@example.org,2021-01-25 22:54:08
375,Robert Wilson,djackson@gmail.com,2023-02-15 00:46:32
376,Brianna Johnson,rosariomaurice@yahoo.com,2021-12-10 16:11:08
377,James Shaw,nicoledurham@example.org,2021-07-21 11:14:39
378,Mary Elliott,moorebradley@gmail.com,2020-08-04 13:05:03
379,Andrew Farrell,rperez@example.net,2020-09-27 15:56:41
380,Kevin Morris,christophershepherd@yahoo.com,2022-12-30 22:21:13
381,Anthony Steele,dhahn@gmail.com,2024-05-30 21:21:28
382,Dale Chase,bgordon@example.com,2023-11-22 15:25:22
383,Mark Donovan,browncory@example.net,2020-01-07 19:31:25
384,Melissa Bell,levinerichard@yahoo.com,2020-02-21 22:28:00
385,Jessica Knight,farleyjoseph@example.com,2021-04-21 02:43:55
386,Christian Clark,allison15@example.net,2020-03-11 05:57:01
387,John Baker,frichard@gmail.com,2023-01-01 01:54:16
388,Kirk Bean,edwardsautumn@yahoo.com,2022-08-30 19:38:32
389,Glenn Robinson,erinwilliamson@example.net,2020-06-13 07:39:51
390,Sheila Reyes,alecmarshall@gmail.com,2020-04-26 06:12:33
391,Katherine Hernandez,crystalhernandez@example.net,2020-09-20 03:22:03
392,Justin Schmidt,xmorgan@yahoo.com,2024-04-21 09:49:22
393,Timothy Sosa,mlane@gmail.com,2023-10-07 10:26:16
394,Ann Sanchez,bartontaylor@example.com,2020-08-14 03:20:10
395,Ryan Peterson,ilee@example.com,2021-03-11 21:42:42
396,Ashley Baker,jasonadams@yahoo.com,2020-12-12 19:09:48
397,Dr. Brandon Miles Jr.,jbenson@example.com,2022-02-09 17:53:49
398,Christopher Davis,hchristian@example.net,2023-04-12 05:02:43
399,Dawn Taylor,stevensonstacey@gmail.com,2021-01-24 20:26:29
400,Megan Miller,josemiller@yahoo.com,2024-01-15 16:19:55
401,Peggy Gray,sherry08@example.org,2020-03-11 02:02:29
402,Tiffany Meyer,ricardogibson@gmail.com,2020-01-30 10:51:01
403,Katrina Nichols,shawnjones@example.com,2022-01-17 23:55:57
404,Adrienne Wood,jerryschultz@yahoo.com,2024-05-23 15:30:17
405,Ronald Wilson,carrtravis@gmail.com,2020-10-05 11:15:32
406,Jennifer Castillo,jeffrey42@example.org,2022-05-10 09:21:57
407,Michael Lester,karensalas@example.com,2021-11-15 19:50:50
408,Charles Anderson,hcoffey@yahoo.com,2024-01-24 23:04:04
409,Jennifer Stephenson,johnsonkimberly@example.org,2020-11-16 16:02:41
410,Dawn Cook,melissa83@example.com,2023-02-22 00:04:38
411,Julie Huber,samantha28@gmail.com,2020-12-04 14:59:53
412,Peter Reyes,trujillothomas@yahoo.com,2023-04-13 03:39:10
413,James Thompson,michael47@example.org,2023-12-24 11:50:37
414,Andrea Moore,charlene69@gmail.com,2021-05-23 02:26:24
415,Louis Peterson,lauren79@example.com,2023-12-31 00:58:51
416,Nancy Wright,baileykristi@yahoo.com,2021-03-30 02:19:51
417,Keith Clark,foxcynthia@gmail.com,2024-04-25 04:38:44
418,Steve Wise,bsmith@example.org,2021-04-26 03:56:16
419,Dr. Mia Diaz,ellisondennis@example.net,2022-12-07 04:01:23
420,Robert Diaz,fchang@yahoo.com,2021-05-27 17:47:57
421,Megan Park,nshaw@example.org,2024-09-23 12:11:06
422,Carrie Hicks,wweaver@example.net,2023-10-17 15:42:19
423,Jeffrey Kramer,wperez@gmail.com,2021-02-10 08:36:30
424,Katherine Norris,thomas74@yahoo.com,2024-04-14 11:21:54
425,Anna Henson,ryan42@example.com,2022-10-07 22:25:11
426,Susan Miller,kylesalazar@gmail.com,2024-07-18 18:19:40
427,Felicia Hoover,levi50@example.net,2022-02-04 18:52:05
428,Gary Wagner,loriwells@yahoo.com,2022-08-21 14:24:42
429,Jeffrey Newman,daniel02@gmail.com,2020-11-23 07:48:59
430,Robert Santiago,haroldpotter@example.org,2023-02-01 14:41:07
431,Kevin Fox,epalmer@example.com,2020-05-02 11:49:50
432,Debra Fitzgerald,vjohnson@yahoo.com,2020-05-04 22:45:02
433,Jacob Rocha,dominique42@example.com,2021-03-15 07:18:37
434,Christopher Acevedo,hallemily@example.net,2024-02-18 01:47:57
435,Jesse Caldwell,huntrobert@gmail.com,2022-08-05 18:14:09
436,Amanda Wallace,riveraedward@yahoo.com,2024-01-19 17:27:44
437,Amanda White,matthewharvey@example.org,2023-05-15 12:02:42
438,Dr. Cheryl Kirk,mikerichmond@gmail.com,2024-07-26 19:49:20
439,Jessica Herring,dixonaaron@example.net,2024-07-07 11:02:21
440,Julie Lewis,lopezvickie@yahoo.com,2023-12-14 12:35:56
441,Jacob Fields,scottjohnson@gmail.com,2022-12-26 16:16:08
442,Cheryl Olson DDS,brent58@example.org,2023-12-10 09:49:58
443,Katherine Curtis,ktate@example.com,2022-07-10 03:46:49
444,Elizabeth Padilla,shane92@yahoo.com,2021-07-13 05:03:45
445,Michael Pierce,hernandezgary@example.net,2022-12-03 15:47:54
446,Valerie Williams,maldonadosharon@example.net,2024-01-09 18:48:22
447,Sean Compton,rodriguezvincent@gmail.com,2022-03-08 05:02:29
448,Dominic Robertson,cperez@yahoo.com,2020-10-31 13:01:32
449,Mr. Mark Garcia,michael72@example.com,2024-03-05 05:20:43
450,Dustin Rose,kenneth50@gmail.com,2021-10-08 05:49:27
451,Joseph Robinson,hallcarrie@example.net,2020-02-03 18:53:16
452,Paul Bell,soneill@yahoo.com,2024-04-14 17:24:13
453,Timothy Jackson,pachecomary@gmail.com,2024-06-09 03:32:51
454,Teresa Calderon,mjames@example.net,2021-09-14 07:37:57
455,Mr. Jonathan Rivera MD,igross@example.net,2022-01-14 18:45:47
456,Jeffrey Mathis,baldwinlynn@yahoo.com,2020-06-16 12:33:43
457,Charlene Campbell,olsonadam@example.net,2023-10-18 00:54:53
458,Felicia Poole,timothyclark@example.net,2024-09-21 09:21:05
459,Emily Barnett,maria47@gmail.com,2023-04-22 08:13:54
460,Robert Price,castrolaura@yahoo.com,2024-04-08 07:33:19
461,Benjamin Cole,seanmills@example.org,2023-02-09 17:42:49
462,Scott Hensley,theodore95@gmail.com,2022-12-06 06:14:28
463,Amanda Brown,mckinneystephen@example.net,2024-03-01 06:17:29
464,Kimberly Rodriguez,robert90@yahoo.com,2023-03-05 20:32:34
465,Julie Nelson,kevinburke@gmail.com,2023-06-03 11:48:54
466,Calvin Kennedy,wgutierrez@example.net,2024-08-07 21:14:43
467,Mindy Torres,pollardsteven@example.net,2023-08-10 14:49:35
468,Brenda Hernandez,michaelanderson@yahoo.com,2023-11-18 16:12:48
469,Bethany Lee MD,lopezrichard@example.org,2023-08-09 14:48:18
470,Jose Owens,smithtiffany@example.org,2023-01-30 22:26:55
471,Ryan Valdez,ypreston@gmail.com,2023-11-01 04:42:24
472,John Bell,lsmith@yahoo.com,2022-02-16 12:44:10
473,Scott Lewis,jonathanmills@example.org,2024-10-08 11:26:41
474,Jessica Day,justinnorris@gmail.com,2023-07-21 17:04:21
475,Breanna Evans,jhudson@example.net,2020-04-11 05:31:14
476,Rachel Ho DDS,toni34@yahoo.com,2024-10-23 10:50:23
477,Donald Le,hjones@gmail.com,2021-08-04 10:39:41
478,Nicole Miller,juliemills@example.net,2020-01-28 05:37:51
479,Mr. Kevin Schroeder,ryanbarnett@example.net,2024-01-20 18:37:07
480,Teresa Roberts,thompsonvirginia@yahoo.com,2023-06-09 14:06:24
481,Elizabeth Daniel,cassandra71@example.com,2022-10-30 20:07:03
482,Colleen Gonzalez,nicole34@example.com,2020-07-24 06:36:01
483,Kendra Hull DVM,laurathomas@gmail.com,2021-01-18 18:36:34
484,Rebecca Sullivan,uanderson@yahoo.com,2021-10-15 12:39:52
485,Steven Howe,michelle02@example.org,2024-02-01 07:55:25
486,Lisa Williams,christopherbright@gmail.com,2020-02-28 21:57:47
487,Sandra Wood,chavezelizabeth@example.com,2021-10-16 10:25:58
488,James Lawrence,paulrivas@yahoo.com,2021-07-17 15:26:34
489,Christine Wood,edwardskevin@gmail.com,2022-08-10 10:52:01
490,Erik Aguilar,travisbrock@example.org,2020-01-19 05:26:57
491,Cristina Bishop,dunlapronald@example.com,2021-10-25 00:28:22
492,Matthew Gonzalez,angela92@yahoo.com,2022-11-30 08:20:11
493,Donna Walker,marquezchristine@example.org,2021-07-09 16:37:24
494,Jerry Hubbard,wmccullough@example.org,2020-06-24 17:40:33
495,Alison Griffith,brianroberts@gmail.com,2022-08-10 18:22:21
496,David Avila,brian63@yahoo.com,2023-06-05 13:52:29
497,Ronald Kelley,fanderson@example.org,2024-05-06 10:39:57
498,Thomas Santos,amandasmith@gmail.com,2023-06-12 07:33:22
499,Nicole Robinson,christina68@example.org,2020-04-08 05:29:41
500,Virginia Beltran,leahwhite@yahoo.com,2021-02-28 09:18:18
501,Cindy Wood,calvinmayer@gmail.com,2021-01-17 00:12:30
502,Martin Wood,iclark@example.com,2023-08-06 19:49:55
503,Benjamin Ruiz,waltersmith@example.org,2022-04-28 18:34:26
504,Jaime Martinez,karlaaguirre@yahoo.com,2022-01-18 15:03:36
505,Kimberly Ramirez,michaelpowers@example.org,2021-12-02 21:41:17
506,Edgar White,jason15@example.net,2021-07-10 09:38:25
507,David Hoover,zlopez@gmail.com,2023-10-24 16:49:12
508,Anna Valencia,fchurch@yahoo.com,2023-05-10 23:19:39
509,Daniel Hendricks,joshua36@example.net,2020-09-01 02:15:06
510,Jeremy Mcconnell,davilaangela@gmail.com,2020-07-23 08:52:15
511,Alan Rodriguez,michael88@example.com,2023-02-10 18:16:37
512,Hector Tanner,kelly89@yahoo.com,2021-10-05 07:03:04
513,Todd Rasmussen,campbellnicole@gmail.com,2024-02-25 10:17:55
514,Kevin Hill,tlee@example.org,2024-07-31 20:12:04
515,Chelsea Ortiz,terry38@example.net,2021-01-11 06:42:44
516,Danielle Martin,stephaniepalmer@yahoo.com,2020-04-21 21:15:04
517,Vincent Brooks,sanchezdavid@example.org,2024-02-12 14:40:03
518,Steven Jackson,sullivandanny@example.net,2023-05-27 12:59:03
519,Michael Taylor,kevin22@gmail.com,2020-10-14 19:56:20
520,Diana Brown,carterdestiny@yahoo.com,2020-03-15 04:07:58
521,Daniel Yu,boydcarla@example.net,2020-11-09 10:33:07
522,Joseph Dunn,bauerphillip@gmail.com,2021-01-19 15:25:02
523,Frances Richardson,dawn67@example.com,2022-01-31 10:49:02
524,Alejandra Wallace,hlowe@yahoo.com,2020-06-25 01:01:02
525,Jacqueline Baird,kenneth10@gmail.com,2022-10-22 05:03:43
526,Katherine Hart,thomasdavid@example.com,2022-06-01 19:29:17
527,Theresa Vargas,millerashley@example.com,2024-03-24 21:11:23
528,Michael Thompson,nelsonmonica@yahoo.com,2021-12-31 19:50:41
529,Deborah Moore,grahamwilliam@example.net,2020-04-04 18:48:29
530,George Parks,jacksonsarah@example.org,2021-04-18 09:47:40
531,Carla Johnson,coxcarla@gmail.com,2023-10-03 07:53:56
532,Rachael Ross,dustin61@yahoo.com,2024-05-30 03:37:02
533,Kimberly Patterson,martinezjason@example.com,2021-05-22 14:30:57
534,Erik White,mark58@gmail.com,2022-03-04 01:39:01
535,Tracy Bowen,carol62@example.com,2022-08-26 04:16:29
536,Mark Spencer,pettycatherine@yahoo.com,2022-09-26 00:51:05
537,Jennifer Edwards,tammy24@gmail.com,2024-06-14 07:02:39
538,Donald Diaz,kimberlyrobinson@example.org,2024-09-06 11:23:46
539,Herbert Jacobs,maria96@example.net,2020-12-26 11:07:40
540,Travis Flynn,kristie30@yahoo.com,2022-10-02 04:28:27
541,Amanda Brown,glynch@example.org,2023-08-30 19:40:24
542,Brandy Foley,ryan80@example.com,2020-10-18 12:51:23
543,Kimberly Mcbride,brandonpatton@gmail.com,2024-06-11 04:48:45
544,Cole Greene,tphillips@yahoo.com,2020-09-30 09:34:49
545,Andrea King,smithleonard@example.org,2022-06-23 00:29:01
546,Teresa Mitchell,hendricksjeanette@gmail.com,2023-06-24 07:21:22
547,Roy Hunter,perezruth@example.com,2022-08-28 02:55:57
548,Joseph Palmer,clarkcourtney@yahoo.com,2023-11-05 07:25:33
549,Tina Evans,michael66@gmail.com,2021-11-17 15:44:33
550,Henry Guerrero,nbryant@example.net,2022-01-16 06:07:45
551,Todd Riley,daniellesandoval@example.net,2022-10-04 00:25:26
552,Ronald Kelly,seanbrock@yahoo.com,2024-10-27 02:39:39
553,Jeremy Christian,michellelucas@example.net,2021-05-11 21:58:51
554,Sarah Adams,matthew30@example.com,2020-12-27 20:28:36
555,Hector Johnson,gary67@gmail.com,2022-02-09 15:42:30
556,Stacy Robertson,johnsonallison@yahoo.com,2020-02-17 21:39:11
557,Samantha King,dawn28@example.org,2023-11-05 08:22:49
558,Lisa Cross,johnsmith@gmail.com,2022-08-15 05:40:05
559,Kyle Stein,tjordan@example.net,2021-12-05 02:23:05
560,Erin Trujillo,jamesnelson@yahoo.com,2022-06-21 00:26:30
561,Roy Williams,rfowler@gmail.com,2021-04-11 08:03:50
562,Brenda Butler,michaelhorton@example.net,2023-03-28 23:37:33
563,Roy Turner,ugardner@example.org,2024-05-03 11:05:51
564,Rachel Williams,mistyelliott@yahoo.com,2020-01-02 15:41:27
565,Mr. Ryan Bowen,christopher30@example.com,2021-07-31 14:39:04
566,Melissa Harris,anthonymiller@example.net,2022-06-24 03:39:14
567,Michael Norris,philiphughes@gmail.com,2021-01-18 21:10:39
568,Sheila Mccormick,rachaelhill@yahoo.com,2022-09-18 22:00:05
569,Stephanie Shields,brandtstephanie@example.com,2021-05-23 01:17:37
570,Andrew Scott,lynchanthony@gmail.com,2023-10-02 08:27:20
571,Jennifer Meyers,twilliams@example.net,2024-05-29 06:59:39
572,Melissa Mercer,elijah96@yahoo.com,2023-11-22 20:22:22
573,Jennifer Rodriguez,michael89@gmail.com,2023-03-13 15:05:23
574,Dr. Amber Curtis,brycesnyder@example.net,2020-09-13 00:42:58
575,Natalie Serrano,samanthapeters@example.org,2021-11-07 03:07:42
576,Nicholas Davis,ricejames@yahoo.com,2022-09-09 10:39:14
577,Kimberly Robinson,lgraves@example.net,2020-03-27 04:58:32
578,Antonio Kennedy,weaverkimberly@example.com,2024-01-06 13:47:26
579,Michael Watson,angelajensen@gmail.com,2024-05-29 19:33:43
580,Travis Dennis,adamfuller@yahoo.com,2023-10-26 13:09:27
581,Roger Moore,uscott@example.net,2023-06-16 04:09:06
582,Robert Castillo,wmays@gmail.com,2022-02-10 17:09:46
583,Ruben Taylor,jesse86@example.net,2021-11-25 15:58:13
584,Michele Nguyen,anna52@yahoo.com,2020-12-06 23:13:44
585,Robert Smith,taylorjason@gmail.com,2022-06-05 01:32:26
586,Jesse Welch,hcollins@example.net,2022-05-04 09:59:01
587,Kevin Carter,ythomas@example.org,2022-03-11 11:22:33
588,Allison Hill,armstrongjessica@yahoo.com,2021-04-03 06:33:04
589,Thomas Garcia,jmorgan@example.org,2023-06-26 06:32:07
590,John Mitchell,josephnicholas@example.com,2024-05-13 11:24:17
591,Kyle Kelley,thomasfoster@gmail.com,2024-06-08 13:58:15
592,Kimberly Mccoy MD,davischloe@yahoo.com,2021-10-07 17:01:49
593,Dennis Alvarado,lucasburgess@example.com,2024-02-06 17:39:56
594,Nicholas Barnes,jsmith@gmail.com,2021-01-04 13:51:44
595,Chelsea Sampson,hlloyd@example.org,2022-07-12 20:27:06
596,William Suarez,theresa70@yahoo.com,2024-04-01 08:23:54
597,Brenda David,bautistavalerie@gmail.com,2022-01-12 20:20:24
598,Aaron Haynes,christinamichael@example.com,2020-06-24 15:46:26
599,Mrs. Destiny Martinez,fsmith@example.com,2020-06-02 17:02:24
600,Charles Brown,tracey41@yahoo.com,2023-04-11 02:52:30
601,Robert Perry,moranmelissa@example.net,2022-12-24 11:36:34
602,Benjamin Newman,stafforddonald@example.org,2023-01-10 16:07:44
603,Casey Sanders,wmcneil@gmail.com,2021-06-19 06:00:58
604,Tyler Hart,lorigibson@yahoo.com,2020-01-29 10:54:54
605,Morgan Chavez,goodwinmichael@example.com,2022-09-24 00:36:55
606,Debbie Miller,ddavid@gmail.com,2024-04-18 12:51:17
607,Jennifer Robinson,royjones@example.org,2022-02-25 21:13:45
608,Kristen Floyd,nwatson@yahoo.com,2021-05-17 09:47:37
609,Carlos Andrade,joshuamoore@gmail.com,2021-11-15 08:19:10
610,John Reed,joshuahawkins@example.org,2024-05-15 16:34:37
611,John Wagner,dianadowns@example.org,2021-08-24 11:15:29
612,Andrea Rose,abarber@yahoo.com,2023-09-15 18:49:07
613,Carolyn Kaiser,james12@example.org,2023-05-12 09:26:33
614,Joshua Holder,matthewfreeman@example.org,2021-04-12 10:41:33
615,Raymond Holland,frederick83@gmail.com,2022-03-10 22:19:12
616,Brian Gibson,dereknelson@yahoo.com,2020-06-18 05:00:17
617,Alexis Henderson,xthomas@example.org,2021-10-11 20:28:52
618,Linda Bishop,chudson@gmail.com,2021-11-14 17:59:49
619,Holly Bryant,kmccormick@example.net,2021-10-17 08:37:33
620,Calvin Klein,nrobbins@yahoo.com,2024-05-13 14:24:06
621,Maria Mendoza,fishersteven@gmail.com,2021-11-01 21:24:59
622,John Hall,jill95@example.com,2023-09-01 17:47:42
623,Christine Hughes,melissa55@example.com,2021-08-15 02:11:27
624,Benjamin Foster MD,ujackson@yahoo.com,2021-10-16 05:14:12
625,Melissa Castaneda,samantha19@example.org,2022-04-13 09:15:25
626,Alan Maxwell,rjacobs@example.org,2022-04-19 08:48:33
627,Douglas Ross,ffitzgerald@gmail.com,2024-05-05 21:51:47
628,James Lawrence,browninganna@yahoo.com,2024-07-19 11:08:44
629,Tony Davis,jonathan19@example.net,2024-09-09 13:10:15
630,Julia Hines,ebony65@gmail.com,2022-07-14 09:29:01
631,Michael Hernandez,lindawhite@example.org,2020-08-14 10:13:33
632,Natalie Gonzalez,aaronfrank@yahoo.com,2020-04-29 12:14:58
633,Dustin Castro,lfoster@gmail.com,2024-02-12 04:49:12
634,Jacqueline Kelley,bennettstacey@example.net,2024-06-18 12:34:18
635,Kathy Miles,danielssamantha@example.com,2020-10-07 07:42:15
636,Ronald Barrera,nmoore@yahoo.com,2022-10-20 07:03:27
637,Jodi Moran,sarahsmith@example.com,2023-06-25 06:30:13
638,Charles Church,joshuamurphy@example.org,2020-07-24 06:00:39
639,Ryan Mcclure,kevinbrady@gmail.com,2020-02-01 14:29:30
640,Robert Ramsey,romeronicole@yahoo.com,2023-10-04 15:35:40
641,Mark Morgan,kcombs@example.com,2022-04-29 15:23:13
642,Miranda Navarro,michael87@gmail.com,2022-04-11 17:06:43
643,Christopher Trujillo,amymack@example.com,2022-12-04 04:42:07
644,Charles Stewart,sheri20@yahoo.com,2024-07-14 16:55:26
645,William Newman,aarondavis@gmail.com,2021-07-29 00:24:45
646,Kim Schaefer,dgray@example.com,2020-07-17 06:11:40
647,Daniel Sharp,tammyburke@example.com,2022-08-20 15:08:58
648,Laurie Keller,icantu@yahoo.com,2020-12-22 16:28:57
649,Elizabeth Brown,churchhannah@example.net,2022-03-25 23:51:29
650,Jeanne Beck,lquinn@example.com,2022-10-13 22:07:56
651,Cynthia Martinez,oharris@gmail.com,2024-06-30 23:26:27
652,Jerry Kennedy,fwheeler@yahoo.com,2024-07-09 13:19:38
653,Alexander Gutierrez,gibsonsamuel@example.com,2023-11-13 16:29:12
654,James Curtis,michaelbuckley@gmail.com,2024-01-09 09:40:50
655,Danielle Baker,jacquelineramirez@example.org,2021-10-30 21:30:51
656,Laura Taylor,osmith@yahoo.com,2021-09-07 02:22:49
657,Christian Thompson,rmiller@gmail.com,2021-11-22 04:12:19
658,Taylor Cortez,aallison@example.org,2021-11-10 21:12:33
659,Sandra Walls,taylor74@example.com,2022-05-03 09:34:34
660,David King,smithsara@yahoo.com,2021-08-08 22:38:58
661,Christian Bass,robertmitchell@example.net,2022-03-08 13:32:50
662,Cynthia Chang,stevenjones@example.org,2022-02-25 21:36:14
663,John Hodges,markhamilton@gmail.com,2022-12-25 00:13:59
664,Travis Moreno,craigjoel@yahoo.com,2021-10-10 01:18:13
665,Jessica Willis,taylordanielle@example.com,2021-04-27 23:28:46
666,Shawn Spence,bestdavid@gmail.com,2021-08-17 22:49:59
667,Alan Parker,hwells@example.org,2020-03-31 08:30:20
668,Alice Spears,jessicaduncan@yahoo.com,2021-07-22 07:15:16
669,Brianna West,wyatt44@gmail.com,2023-11-09 08:26:18
670,Andrew Pittman,linda56@example.net,2022-04-17 15:51:29
671,Cole Clark DDS,jessica32@example.org,2021-03-10 13:14:20
672,David Mercado,samantharivera@yahoo.com,2021-03-18 01:17:33
673,John Pruitt,qgardner@example.net,2023-03-28 11:43:24
674,Valerie Price,jrosario@example.org,2024-02-04 01:29:26
675,Karen Anderson,jameszimmerman@gmail.com,2022-11-29 23:57:46
676,Steven Rangel,armstrongzachary@yahoo.com,2023-09-23 22:49:43
677,Matthew Brown,bradleychandler@example.com,2023-05-19 20:31:36
678,Lisa Abbott,jean46@gmail.com,2023-04-14 16:17:12
679,Marilyn Warner,kingmary@example.org,2024-03-01 11:12:40
680,Aimee Owens,brandonmadden@yahoo.com,2022-11-07 02:38:10
681,Caleb Smith,michael82@gmail.com,2021-08-14 02:30:04
682,Mrs. Dawn Strickland MD,jmatthews@example.com,2021-07-28 00:56:31
683,Richard Morgan,chloe75@example.net,2020-04-26 21:24:12
684,Carrie Chapman,lisa61@yahoo.com,2021-09-23 05:08:16
685,Brandon Johnson,bmcclure@example.com,2021-02-26 05:41:23
686,Paul Watson,robert75@example.net,2023-06-02 08:37:38
687,Joann Grant MD,fletcherjacob@gmail.com,2020-04-04 07:18:02
688,Mckenzie Arellano,clinton55@yahoo.com,2022-04-03 07:10:16
689,Michelle Thompson MD,james47@example.com,2020-06-18 23:14:39
690,Anthony Waller,laurie99@gmail.com,2024-09-27 01:40:33
691,Angela Freeman,kristinrusso@example.com,2022-10-29 20:23:24
692,Joseph Ramirez,johnsonbrian@yahoo.com,2022-06-11 17:08:34
693,Tony Warren,timothy30@gmail.com,2021-01-11 09:59:51
694,Mr. Nicholas Grant,udouglas@example.com,2022-07-30 20:32:22
695,Kaitlin Miller,mbrown@example.com,2023-02-09 20:09:09
696,Jared Lucero,allison64@yahoo.com,2023-11-19 11:53:33
697,Nicole Smith,oross@example.org,2022-05-02 00:57:07
698,Devon Patel,bridgetgeorge@example.net,2021-09-08 00:50:59
699,Kayla Gomez,karensmith@gmail.com,2021-08-20 13:30:56
700,Anna Hunter,romerogavin@yahoo.com,2024-11-01 02:35:00
701,Natalie Martinez,montesvirginia@example.com,2024-09-23 22:41:33
702,Chad Perry,campbelljean@gmail.com,2020-01-06 23:59:39
703,Angela Lee,carolyn81@example.com,2020-09-03 03:46:33
704,Joseph Hudson,kristen87@yahoo.com,2021-06-17 04:30:15
705,Joshua Garcia,michael64@gmail.com,2023-08-06 16:43:20
706,Richard Lewis,jennifer97@example.org,2024-04-24 00:42:27
707,Juan Gonzalez,elindsey@example.net,2020-10-22 18:36:15
708,Jeffery Jenkins,maygregory@yahoo.com,2024-09-07 04:45:14
709,Christopher White,fwells@example.com,2024-03-27 12:05:31
710,Kelsey Wang,ibarnett@example.com,2023-05-11 10:25:14
711,Daniel Bailey,kimberlycunningham@gmail.com,2020-07-22 04:40:55
712,Melanie Sims,whaas@yahoo.com,2022-08-29 05:57:08
713,Kevin Contreras,robertphillips@example.org,2021-11-23 22:23:06
714,Roberta Mcguire,danielsamber@gmail.com,2024-10-23 01:09:18
715,Courtney Cabrera,sheltontanya@example.com,2021-01-06 15:44:08
716,Robin Mcmahon,eflores@yahoo.com,2021-08-13 15:57:30
717,Jason Wilson,wattsraymond@gmail.com,2021-09-16 08:07:15
718,Chad Esparza,jonathonmay@example.org,2021-07-09 17:55:39
719,Tina Bailey,tanyamelton@example.com,2020-06-24 18:07:25
720,Michael Martinez,heathermartin@yahoo.com,2023-08-15 04:31:36
721,David Taylor MD,zwest@example.com,2023-02-01 05:29:57
722,Brandon Stephenson,greenkendra@example.org,2021-07-19 22:09:39
723,Christine Bell,nancy56@gmail.com,2023-10-12 18:44:09
724,Thomas Gonzalez,katiemorrow@yahoo.com,2021-05-17 05:22:19
725,Cristina Mclean,joanna08@example.org,2022-04-04 11:45:07
726,Veronica Fuller,johnquinn@gmail.com,2023-09-13 21:13:13
727,Jennifer Duarte,mbray@example.org,2023-06-23 13:42:39
728,Michelle Taylor,ashleyfinley@yahoo.com,2023-06-30 14:42:59
729,Crystal Johnson,thomasholmes@gmail.com,2021-11-04 18:55:32
730,Leonard Cuevas,lboyd@example.org,2020-05-10 20:34:36
731,Robert Hartman,leonardstephanie@example.com,2023-10-05 21:23:16
732,Suzanne Lawrence,zacharybenjamin@yahoo.com,2020-09-16 00:54:39
733,Jordan Collins,lynnwilson@example.com,2023-10-12 00:45:49
734,Jessica Vaughn,qlynch@example.net,2020-11-30 01:04:28
735,Karen Sanford,andrewhowell@gmail.com,2021-07-04 07:55:32
736,Laura Gates,mahoneynancy@yahoo.com,2022-08-29 12:24:45
737,Christopher Holmes,isaiah09@example.com,2023-03-30 12:26:44
738,Daniel Stephens,ecook@gmail.com,2023-08-10 20:13:30
739,Robert Day,thuynh@example.org,2021-11-26 02:35:36
740,Michelle Miller,maria16@yahoo.com,2023-01-31 05:28:34
741,Michelle Johnson,melissanielsen@gmail.com,2020-11-19 03:47:10
742,Adam Salas,lopezamanda@example.com,2023-04-08 06:39:33
743,Courtney Douglas,curtis32@example.org,2020-03-21 02:08:45
744,Samuel Tapia,kimberlythompson@yahoo.com,2021-04-21 23:17:38
745,Steven Hogan,bennettbrandy@example.com,2020-06-01 20:06:02
746,Chad Wallace,thompsontracy@example.org,2022-01-29 16:48:23
747,Kevin Bond,dmiller@gmail.com,2024-07-09 18:58:12
748,Rebecca Henry,kaylagreen@yahoo.com,2020-12-06 05:29:39
749,Patricia Cruz,nathanielgreen@example.com,2024-04-28 16:11:41
750,Kathryn Rowland DDS,wintersjeremy@gmail.com,2020-10-09 19:41:59
751,James Williamson,fitzgeraldadam@example.net,2023-01-29 12:41:15
752,Crystal Ritter,turnerlisa@yahoo.com,2022-08-05 04:04:49
753,Daniel Ray,brandonwilson@gmail.com,2021-12-21 06:05:14
754,Chad Snyder,zlee@example.org,2022-10-16 12:34:13
755,Bryan Mcintosh,ovang@example.com,2023-03-01 14:56:04
756,Danny Hernandez,ecollins@yahoo.com,2023-12-07 18:47:20
757,Margaret Hall,halldonna@example.org,2024-10-05 06:36:39
758,Leslie Parker,erin46@example.com,2024-03-21 14:55:52
759,Christine Gould,elizabeth45@gmail.com,2021-05-17 17:47:11
760,Kenneth Warren,herringkatherine@yahoo.com,2023-02-03 13:06:29
761,Michael Allen,kaitlyn24@example.org,2022-12-27 10:37:55
762,Kristen Morris,mindy30@gmail.com,2021-11-23 13:52:07
763,Debra Williams,waltermonique@example.org,2022-11-19 18:44:12
764,Jennifer Weeks,whughes@yahoo.com,2024-09-23 09:39:55
765,Darrell Campbell,tony88@gmail.com,2023-06-23 09:49:32
766,Jeff Grant,qcruz@example.org,2021-04-09 15:12:41
767,Amanda Novak,katherine66@example.net,2021-12-07 20:31:30
768,Gregory Stewart,prestondana@yahoo.com,2023-01-16 11:37:49
769,Thomas Winters,matthew58@example.org,2022-03-14 01:17:40
770,Natasha Torres,osbornalbert@example.org,2020-08-04 06:08:31
771,Daniel Wolf,reedtammy@gmail.com,2021-01-24 17:18:12
772,Brian Johnson,warecassandra@yahoo.com,2021-03-11 22:37:19
773,Rachel Butler,newtonalejandra@example.net,2024-06-24 10:57:37
774,Bradley Gutierrez,lawsonerin@gmail.com,2022-04-07 10:05:59
775,William Mendoza,ochoajohn@example.net,2021-02-22 06:59:30
776,Anna Charles,barbara95@yahoo.com,2021-06-14 22:19:52
777,Bradley Gonzalez,gsmith@gmail.com,2023-08-14 05:30:26
778,Heidi Anderson,bradleydonald@example.net,2024-06-13 01:55:02
779,Carlos Thompson,ruthbeck@example.net,2021-02-26 04:46:26
780,Carrie Medina,richard21@yahoo.com,2021-12-15 19:02:10
781,Briana Callahan,kjones@example.net,2020-05-17 10:47:44
782,Zachary Jennings,ystokes@example.org,2023-10-02 02:23:12
783,Mr. Stephen Hernandez,davidwarner@gmail.com,2022-02-07 08:44:45
784,Nicole Frank,michaelsharp@yahoo.com,2023-08-23 09:10:42
785,Sean Rich,khebert@example.net,2023-09-30 09:26:20
786,Gary Holder,taylor39@gmail.com,2022-04-05 23:24:05
787,Jason Potter,rlong@example.net,2020-11-19 04:55:51
788,Alexander Cameron,igonzalez@yahoo.com,2024-06-29 09:19:51
789,Ricky Brady,fbryan@gmail.com,2021-11-06 10:24:47
790,Brenda Robertson,jonesjoseph@example.org,2021-04-13 01:40:58
791,Colin Li,holdenpatricia@example.org,2022-08-16 08:24:37
792,Lorraine Herrera,hughesronald@yahoo.com,2020-08-29 22:22:39
793,Todd Bryant,cking@example.net,2020-02-21 11:52:28
794,Andrew Hall,morenosteven@example.org,2022-05-26 22:17:55
795,Jerry Hayes,wilsonsusan@gmail.com,2020-01-26 15:18:43
796,Wendy James,andersonrobert@yahoo.com,2021-03-20 23:29:53
797,Christina Clark,jgrant@example.net,2022-07-16 15:29:11
798,Alison Farrell,tfuller@gmail.com,2021-02-03 15:16:24
799,Brian Mendoza,jmitchell@example.net,2020-09-16 05:26:41
800,Wendy Vaughn,bethmcdowell@yahoo.com,2022-08-10 05:31:57
801,Sarah Riley,christianhunt@gmail.com,2024-05-15 10:44:20
802,Christopher Cox,brenda03@example.com,2020-10-27 05:57:57
803,Brett Anderson,ballen@example.com,2020-04-28 01:17:53
804,Mark Smith,russelleugene@yahoo.com,2022-03-08 11:45:37
805,Amy Schultz,aphillips@example.org,2023-08-05 09:36:46
806,Jackson Murphy,castillovictoria@example.org,2022-01-05 07:38:47
807,Thomas Sweeney,richardprice@gmail.com,2023-11-02 06:24:19
808,Renee Cole,jacqueline62@yahoo.com,2023-02-03 15:14:22
809,Deborah Green PhD,robertstephens@example.org,2023-03-22 00:00:00
810,Jacqueline West,thall@gmail.com,2021-10-04 20:05:49
811,Kristen Hester,kellywilkerson@example.net,2024-05-07 22:50:51
812,Michael Carson,david71@yahoo.com,2020-07-18 17:40:55
813,Christopher Parker,nicoledavis@gmail.com,2020-10-16 18:41:01
814,Jaime Cortez,thompsonjoshua@example.com,2020-01-01 01:52:51
815,Maria Meyer,samuel73@example.com,2020-02-10 06:59:35
816,Jennifer Hunter,nicholas48@yahoo.com,2023-09-02 10:04:30
817,Stephen Rubio,cbaird@example.org,2022-07-22 23:17:06
818,Regina Bryant,adam11@example.org,2022-10-10 23:32:50
819,Travis Gordon,kenneth86@gmail.com,2024-09-30 10:49:40
820,Ronald Torres,pharris@yahoo.com,2020-03-17 00:31:26
821,Debbie Delgado,nhill@example.com,2020-05-10 17:26:55
822,Carol Morgan,davidmurphy@gmail.com,2023-02-08 05:01:52
823,Eileen Simmons,cjimenez@example.net,2022-02-26 03:57:17
824,Mrs. Jennifer Pearson,crosskelly@yahoo.com,2022-10-21 15:43:18
825,Kathy James,davidsanchez@gmail.com,2024-08-21 05:20:01
826,Robert Williams,yatkins@example.org,2020-03-11 22:39:56
827,Margaret Cook,laurenmccoy@example.com,2024-05-11 10:37:02
828,Lisa Wall,stevenmurphy@yahoo.com,2024-06-14 07:20:51
829,Elizabeth Harvey,paulmunoz@example.com,2021-07-09 00:09:04
830,Jennifer Jones,candacevalencia@example.com,2021-09-30 19:42:16
831,Bonnie Bailey,davidclayton@gmail.com,2020-02-26 08:14:26
832,Jennifer Anderson,jacksonjay@yahoo.com,2023-07-19 07:12:04
833,Terrence Hampton,ejacobson@example.org,2023-11-04 19:09:19
834,Bonnie Miranda,williamsnicole@gmail.com,2021-11-07 07:35:49
835,Richard Pope,hernandezroger@example.com,2021-09-24 01:22:27
836,Susan Medina,kochoa@yahoo.com,2022-12-12 05:08:16
837,Edward Sullivan,rperry@gmail.com,2020-11-17 14:41:56
838,Crystal Hughes,beckyvargas@example.net,2024-10-03 20:26:32
839,Emily Reynolds,russell43@example.org,2020-02-09 07:53:13
840,John Nash,mikesalazar@yahoo.com,2023-11-03 12:07:09
841,Cheyenne Hale,changlisa@example.net,2023-05-21 07:52:50
842,Jesse Keller,troman@example.org,2021-09-10 09:36:37
843,Shawna Clark,craigpatricia@gmail.com,2024-07-21 03:27:53
844,Ryan Gallagher,parmstrong@yahoo.com,2023-03-07 05:43:54
845,Julia Rich,jacqueline70@example.net,2020-06-10 19:40:13
846,Daniel Rodriguez,megan32@gmail.com,2020-01-25 19:37:19
847,Jamie Phelps,william45@example.com,2023-12-29 13:02:31
848,Cody Wise,collierjasmine@yahoo.com,2021-04-13 14:47:57
849,Terri Rowe,arodriguez@gmail.com,2023-10-25 03:28:14
850,Joshua Brown,donna87@example.com,2020-03-23 15:06:24
851,Jasmine Baldwin,marissa41@example.org,2020-07-07 00:29:45
852,Alexis West,hrice@yahoo.com,2024-07-02 02:01:32
853,Joshua Duke,ymccarthy@example.net,2023-07-06 19:27:12
854,Pamela Johnson,smithkathryn@example.net,2023-10-08 16:08:29
855,Kristen Torres,waltonchristopher@gmail.com,2020-07-10 04:08:40
856,Alan Rice,samantha93@yahoo.com,2023-11-06 09:47:00
857,Cathy Montgomery,dickersontracey@example.net,2024-08-11 21:56:15
858,Katie Williams,john36@gmail.com,2021-10-26 20:17:08
859,Timothy Reed,pshields@example.org,2021-01-25 14:53:17
860,Matthew Williams,johnsonjohn@yahoo.com,2023-10-08 06:56:27
861,Sara Brown,awalker@gmail.com,2024-08-31 13:48:09
862,Ricky Barron PhD,matthew42@example.org,2024-01-02 05:20:34
863,Stephanie Fernandez,ndavis@example.net,2021-07-20 03:19:59
864,Carlos Wheeler,jadams@yahoo.com,2022-03-21 19:09:38
865,James Howard,tmartinez@example.com,2020-04-04 08:54:08
866,Kristin Ramirez,markward@example.com,2024-03-29 21:46:18
867,Elizabeth Crawford,rickyjimenez@gmail.com,2022-06-17 13:19:58
868,Denise Schneider,ronald54@yahoo.com,2020-10-28 23:57:59
869,Bianca Gonzalez,kathryn87@example.org,2022-04-07 18:53:05
870,Karen Perez,ggrant@gmail.com,2024-02-15 04:12:56
871,Jessica Edwards,mwilliams@example.net,2022-10-05 16:57:55
872,Kevin Morrow,ruthgomez@yahoo.com,2022-09-03 14:06:03
873,Patrick Wong,wcox@gmail.com,2022-11-09 19:47:58
874,Gary James,chelseachapman@example.net,2023-06-22 17:55:06
875,Derrick Carter,amy11@example.com,2020-09-20 11:04:09
876,Robin Stevens,barbara39@yahoo.com,2023-08-18 06:01:06
877,Rachel Collins,lopezmichael@example.org,2022-09-11 15:57:51
878,Jordan Mathews,zpineda@example.com,2020-11-06 07:31:43
879,Robert Becker,hsanders@gmail.com,2022-10-02 05:23:36
880,Alex Butler,suttontiffany@yahoo.com,2024-09-09 10:07:55
881,Russell Wright,sampsonarthur@example.org,2022-11-28 10:18:30
882,Abigail Norris,pooletiffany@gmail.com,2020-03-13 09:37:06
883,Nicholas Powers,castrodana@example.com,2022-11-05 08:51:41
884,Craig Hamilton,elizabeth66@yahoo.com,2022-10-08 01:24:35
885,Parker Trujillo,econley@gmail.com,2020-04-13 12:19:59
886,Ronald Cantrell,smithjessica@example.org,2024-03-28 19:16:04
887,Anthony White,hcole@example.com,2024-02-14 21:15:49
888,Kevin Flores,jonathan77@yahoo.com,2023-09-03 22:31:40
889,Robert Peterson,audrey96@example.com,2023-06-07 20:42:21
890,Andrea Graham,rpratt@example.net,2021-05-10 21:30:44
891,James Fowler,teresagarcia@gmail.com,2024-10-18 21:47:07
892,Jamie Graham,dianedudley@yahoo.com,2023-09-23 15:30:24
893,Charles Anderson,johnsonmargaret@example.com,2023-09-28 14:14:47
894,Shane Harvey,petermiller@gmail.com,2024-08-07 16:41:12
895,Cory Bell,daniellecarson@example.org,2021-12-23 22:54:27
896,Katherine Bennett,joshuaroberts@yahoo.com,2022-03-24 06:48:20
897,Marcus Hall,igarza@gmail.com,2021-05-06 13:10:28
898,Kathleen Spence,kimberlyschultz@example.org,2022-01-08 07:08:05
899,Paul Price,matthewlee@example.com,2023-09-30 20:49:48
900,Ronnie Cervantes,nicholasmason@yahoo.com,2023-12-18 02:47:45
901,Shawn Williams,dlopez@example.net,2022-09-26 17:21:58
902,Kevin Harvey,fhuber@example.net,2023-08-02 20:33:51
903,Nancy Roberts,cbeltran@gmail.com,2022-11-06 00:09:45
904,Antonio Walker,wfoster@yahoo.com,2024-04-20 10:58:15
905,Christopher Higgins,cvaughn@example.net,2024-01-27 21:33:33
906,Bryan Valencia,marylee@gmail.com,2023-01-31 19:40:49
907,Kimberly Salinas,eileen60@example.com,2021-03-31 11:48:26
908,Douglas Smith,tylerbell@yahoo.com,2020-05-28 12:59:20
909,Amanda Mclean,ericadavis@gmail.com,2022-12-14 01:04:08
910,Sheila Nichols,adamsdebra@example.com,2020-09-16 20:58:54
911,Paula Bond,zacharylopez@example.org,2021-04-26 05:42:26
912,Anthony Jackson,shelley73@yahoo.com,2020-12-26 12:55:42
913,John Murphy,jeffreyjefferson@example.org,2023-08-21 04:53:59
914,Kathryn Johnson,snyderjason@example.org,2024-06-09 06:48:30
915,William Russell,lbrown@gmail.com,2023-04-25 10:46:00
916,Julie Neal,pjohnson@yahoo.com,2020-09-04 11:28:21
917,William Sullivan,hcarter@example.org,2024-09-18 16:49:06
918,Timothy Underwood MD,stephengonzalez@gmail.com,2023-05-30 11:08:01
919,Lori Cowan,brianbennett@example.net,2021-12-10 23:17:30
920,Michael Patterson DDS,morganrachel@yahoo.com,2022-11-04 14:52:30
921,Michelle Young,ortizalex@gmail.com,2021-03-29 05:08:11
922,Laura Smith,yjohnson@example.com,2023-08-02 00:35:42
923,Christina Cunningham,shane95@example.net,2021-06-01 12:58:16
924,Linda Santos,maxwellmartinez@yahoo.com,2021-06-30 11:42:06
925,Keith Smith,markbarber@example.org,2021-06-23 23:12:19
926,Maurice Ewing,matthewwhite@example.net,2020-09-12 12:12:47
927,Cathy Lee,nelsonnicole@gmail.com,2022-08-29 05:02:03
928,Travis Paul,frivera@yahoo.com,2024-08-28 00:38:16
929,Michelle Rogers,bdixon@example.org,2024-03-20 01:12:47
930,Jeremy Smith,xcharles@gmail.com,2024-10-20 08:38:52
931,Ryan Young,brighttyler@example.net,2020-09-07 07:52:03
932,Austin Smith,adamsvanessa@yahoo.com,2024-10-20 13:42:16
933,Rhonda Bean,ttaylor@gmail.com,2021-12-28 02:08:23
934,Jacob Underwood,markwalker@example.com,2022-03-15 17:27:45
935,Tricia Mitchell,oconnornancy@example.org,2023-07-24 15:08:53
936,Kayla Black,ewalton@yahoo.com,2022-11-19 14:22:15
937,Zoe Barnes,shill@example.org,2021-10-29 09:57:03
938,Thomas Tran,econley@example.com,2021-11-01 06:28:03
939,Stacy Summers,allenroy@gmail.com,2022-10-15 18:18:52
940,Kimberly Newman,maryharrison@yahoo.com,2022-05-20 13:17:58
941,Robert Gonzalez,keithgarcia@example.net,2023-12-17 23:07:55
942,Jesse Gray,trichardson@gmail.com,2024-05-03 07:08:08
943,Dustin Shields,jessica73@example.org,2023-12-09 03:45:39
944,Carlos Reeves MD,michael72@yahoo.com,2022-03-01 08:57:58
945,Kimberly Pierce,marvinwalker@gmail.com,2023-07-28 17:04:34
946,Justin Rodriguez,sjones@example.org,2023-02-26 04:05:48
947,Connie Martin,marie94@example.org,2024-08-30 22:08:03
948,Andrea James,katelynnavarro@yahoo.com,2021-11-22 00:39:21
949,Alex Ryan,david12@example.net,2023-07-06 01:33:49
950,Matthew Horton,joshua32@example.net,2021-10-19 20:56:31
951,Kelli Underwood,ywalker@gmail.com,2024-09-03 16:03:21
952,Andrea Forbes,roybass@yahoo.com,2020-02-05 16:59:11
953,Jessica Villanueva,caitlinmedina@example.net,2020-11-09 21:51:39
954,Luis Martinez,lauren06@gmail.com,2021-03-04 08:04:05
955,Thomas Moore,xgutierrez@example.org,2021-10-09 16:35:52
956,Shannon Escobar,styler@yahoo.com,2023-09-17 11:19:38
957,Jason George,donlevine@gmail.com,2022-01-16 09:25:58
958,Amanda Brown,kristie82@example.com,2021-10-04 11:36:28
959,Hunter Graves,laurawells@example.net,2024-07-05 03:58:05
960,Jennifer Levine,morristiffany@yahoo.com,2022-03-15 08:59:56
961,Christopher Larson MD,danielstephens@example.com,2024-03-16 05:50:45
962,Cody Smith,olsonbrandy@example.com,2021-12-02 05:25:09
963,Justin Monroe,grosskevin@gmail.com,2021-08-09 18:58:14
964,James Caldwell,davidrice@yahoo.com,2022-10-13 11:24:51
965,Stacy Lester,hcarter@example.org,2023-10-20 22:13:58
966,David Hall,anthonycarpenter@gmail.com,2021-02-26 02:26:17
967,Stacy Garcia,taylorbarry@example.org,2020-03-02 07:06:46
968,Crystal Hernandez,calebsullivan@yahoo.com,2022-12-09 13:34:38
969,Cory Walker,youngmatthew@gmail.com,2020-12-10 02:25:39
970,Tiffany Kaiser,joseph88@example.com,2021-05-09 04:15:16
971,Courtney Johnson,lshah@example.org,2022-12-23 03:10:35
972,Keith Gomez,beanlaura@yahoo.com,2021-06-01 13:14:10
973,Nicholas Thomas,matthewking@example.com,2021-05-17 09:59:40
974,Dennis Bennett,xnash@example.net,2022-05-14 23:53:39
975,Angela Walker,robinsoncynthia@gmail.com,2023-04-12 15:42:57
976,Robin Green,jesseelliott@yahoo.com,2022-06-06 21:14:28
977,Jacob Shaffer,clarkesteven@example.org,2023-10-15 15:34:21
978,Stephen Garcia,ryan23@gmail.com,2021-12-29 22:19:19
979,Thomas Hamilton,joshua61@example.org,2024-04-15 12:42:08
980,Mia Lambert,douglasstephen@yahoo.com,2022-04-18 14:47:03
981,Patricia Soto,elizabeth47@gmail.com,2022-04-26 06:32:01
982,Julie Rubio,marcushayes@example.com,2021-03-06 06:35:49
983,Patricia Booth,csmith@example.net,2023-08-30 23:59:17
984,Alexa Cox,scottoconnor@yahoo.com,2020-05-08 04:55:55
985,Aaron Cohen,tchambers@example.com,2021-08-03 04:25:46
986,Jacob Hubbard,tmartin@example.com,2022-03-25 14:13:39
987,Dakota King,james52@gmail.com,2021-05-03 04:35:16
988,Christopher Lara,qthomas@yahoo.com,2020-03-15 04:32:42
989,Gregory Spencer,daviskelly@example.org,2024-03-05 15:58:29
990,Matthew Campbell,huangdaniel@gmail.com,2022-02-06 13:01:52
991,Jonathan Travis,christopherorozco@example.net,2020-12-21 05:54:05
992,Jennifer Jackson,reynoldsanthony@yahoo.com,2020-09-01 11:35:48
993,Anthony Knight,jonathan18@gmail.com,2022-03-01 02:08:54
994,Justin Johnson,valerienelson@example.org,2021-07-11 18:00:26
995,James Price,travishansen@example.net,2022-09-05 17:12:29
996,Gina Rios,hansontyler@yahoo.com,2021-04-16 08:13:41
997,Trevor Wilson,stephenjohnson@example.com,2024-07-15 02:58:44
998,Claudia Thompson,sharris@example.com,2023-11-06 22:34:18
999,Christy Jackson,andersonshari@gmail.com,2023-06-01 21:51:18
1000,Gregory Brown,elizabethhall@yahoo.com,2024-05-02 15:28:38
1001,Mary Macdonald,sandra64@example.com,2022-12-18 16:22:52
1002,Julie Branch,castrovictoria@gmail.com,2021-05-24 08:49:26
1003,Kimberly Brady,annrose@example.net,2023-09-22 08:44:48
1004,Kelsey Weiss,ylowery@yahoo.com,2020-06-17 14:14:32
1005,Randall Shaw,kimberlyfrey@gmail.com,2024-07-18 21:40:07
1006,Laurie Kaufman,destinyfarrell@example.net,2020-02-21 14:24:51
1007,Juan Lewis,ryan87@example.org,2021-05-08 03:18:33
1008,Eric Beard,imayer@yahoo.com,2021-03-14 01:21:37
1009,Kathleen Ortiz,jmccarty@example.net,2020-06-17 14:41:22
